"id","action_time","object_id","object_repr","action_flag","change_message","content_type_id","user_id"
1,2025-02-27 11:38:21.963 +0200,"1",Новий рік,1,"[{""added"": {}}]",18,1
2,2025-02-27 11:40:15.637 +0200,"1",Новий рік,3,"",18,1
3,2025-02-27 11:46:50.067 +0200,"6",Новий рік,1,"[{""added"": {}}]",18,1
4,2025-02-27 11:49:04.669 +0200,"6",Новий рік,3,"",18,1
5,2025-02-27 11:49:12.666 +0200,"7",Новий рік,1,"[{""added"": {}}]",18,1
6,2025-02-27 11:54:07.446 +0200,"7",Новий рік,3,"",18,1
7,2025-02-27 11:54:27.385 +0200,"8",Новий рік,1,"[{""added"": {}}]",18,1
8,2025-02-27 12:01:36.968 +0200,"8",Occasion object (8),3,"",18,1
9,2025-02-27 12:41:01.809 +0200,"9",Occasion object (9),1,"[{""added"": {}}]",18,1
10,2025-02-27 12:41:58.964 +0200,"10",Occasion object (10),1,"[{""added"": {}}]",18,1
11,2025-02-27 13:15:03.540 +0200,"14",Occasion object (14),1,"[{""added"": {}}]",18,1
12,2025-02-27 13:15:24.209 +0200,"15",Occasion object (15),1,"[{""added"": {}}]",18,1
13,2025-02-27 13:16:23.332 +0200,"13",Occasion object (13),2,"[{""changed"": {""fields"": [""Slug""]}}]",18,1
14,2025-02-27 13:16:39.628 +0200,"16",Occasion object (16),1,"[{""added"": {}}]",18,1
15,2025-02-27 16:20:39.834 +0200,"3",Categories object (3),1,"[{""added"": {}}]",14,1
16,2025-02-27 16:20:58.860 +0200,"3",Categories object (3),2,"[{""changed"": {""fields"": [""Categories"", ""Slug""]}}]",14,1
17,2025-02-27 16:21:16.452 +0200,"3",Categories object (3),2,[],14,1
18,2025-02-27 16:24:48.187 +0200,"3",SubCategories object (3),1,"[{""added"": {}}]",31,1
19,2025-02-27 16:25:01.968 +0200,"3",SubCategories object (3),2,"[{""changed"": {""fields"": [""Name"", ""Slug""]}}]",31,1
20,2025-02-27 16:25:18.501 +0200,"3",SubCategories object (3),2,[],31,1
21,2025-02-27 16:25:25.754 +0200,"3",SubCategories object (3),2,[],31,1
22,2025-02-27 21:01:38.988 +0200,"1",Cart e2476b61-6853-4340-a4c2-b92ad990e57c (User: 1),1,"[{""added"": {}}]",39,1
23,2025-02-27 21:10:09.473 +0200,"4",Categories object (4),1,"[{""added"": {}}]",14,1
24,2025-02-27 21:10:25.225 +0200,"4",Categories object (4),2,"[{""changed"": {""fields"": [""Categories"", ""Slug""]}}]",14,1
25,2025-02-28 13:47:55.802 +0200,"3",SubCategories object (3),2,"[{""changed"": {""fields"": [""Parent""]}}]",31,1
26,2025-02-28 13:51:33.096 +0200,"5",Brooches,1,"[{""added"": {}}]",14,1
27,2025-02-28 13:51:47.689 +0200,"5",Броши,2,"[{""changed"": {""fields"": [""Categories"", ""Slug""]}}]",14,1
28,2025-02-28 13:52:54.445 +0200,"3",Браслети,3,"",31,1
29,2025-02-28 13:53:12.987 +0200,"4",Браслети на запясток,1,"[{""added"": {}}]",31,1
30,2025-02-28 13:54:12.022 +0200,"5",Браслети на ногу,1,"[{""added"": {}}]",31,1
31,2025-02-28 13:54:43.524 +0200,"6",Годинники,1,"[{""added"": {}}]",14,1
32,2025-02-28 13:55:07.711 +0200,"7",Зажим для галстуку,1,"[{""added"": {}}]",14,1
33,2025-02-28 13:55:29.865 +0200,"8",Запонки,1,"[{""added"": {}}]",14,1
34,2025-02-28 13:55:47.943 +0200,"9",Значки,1,"[{""added"": {}}]",14,1
35,2025-02-28 13:55:56.087 +0200,"10",Ікони,1,"[{""added"": {}}]",14,1
36,2025-02-28 13:56:09.601 +0200,"11",Каблучки,1,"[{""added"": {}}]",14,1
37,2025-02-28 13:56:26.873 +0200,"12",Кольє,1,"[{""added"": {}}]",14,1
38,2025-02-28 13:56:44.785 +0200,"13",Сертифікати,1,"[{""added"": {}}]",14,1
39,2025-02-28 14:33:25.826 +0200,"6",Без назви,1,"[{""added"": {}}]",17,1
40,2025-02-28 14:33:51.425 +0200,"6",translation,3,"",17,1
41,2025-02-28 14:34:06.325 +0200,"7",Без назви,1,"[{""added"": {}}]",17,1
42,2025-02-28 14:35:06.789 +0200,"7",translation | 585 | yellow,3,"",17,1
43,2025-02-28 14:46:50.948 +0200,"10",gold | 585 | yellow,1,"[{""added"": {}}]",17,1
44,2025-02-28 15:09:47.190 +0200,"2",Діамант,1,"[{""added"": {}}]",15,1
45,2025-02-28 15:10:11.255 +0200,"2",Diamond,2,"[{""changed"": {""fields"": [""Name"", ""Color"", ""Slug""]}}]",15,1
46,2025-02-28 15:10:20.430 +0200,"2",Діамант,2,[],15,1
47,2025-02-28 19:37:36.212 +0200,"1",Product object (1),1,"[{""added"": {}}]",19,1
48,2025-02-28 19:41:30.992 +0200,"1",Product object (1),2,"[{""added"": {""name"": ""\u0424\u043e\u0442\u043e \u043f\u0440\u043e\u0434\u0443\u043a\u0446\u0456\u0457"", ""object"": ""PR00001 - Image""}}, {""added"": {""name"": ""\u0424\u043e\u0442\u043e \u043f\u0440\u043e\u0434\u0443\u043a\u0446\u0456\u0457"", ""object"": ""PR00001 - Image""}}]",19,1
49,2025-02-28 20:57:33.027 +0200,"1",c2a081ab74e8f9e34d990b3625d773ce9907c700,1,"[{""added"": {}}]",13,1
50,2025-02-28 21:03:00.449 +0200,"2",Product object (2),1,"[{""added"": {}}]",19,1
51,2025-02-28 21:07:39.175 +0200,"14",Кулони,1,"[{""added"": {}}]",14,1
52,2025-02-28 21:09:03.189 +0200,"14",Pendants,2,"[{""changed"": {""fields"": [""Categories"", ""Slug""]}}]",14,1
53,2025-02-28 21:38:15.810 +0200,"3",Смарагд,1,"[{""added"": {}}]",15,1
54,2025-03-01 19:48:49.056 +0200,"2",Product object (2),2,"[{""changed"": {""fields"": [""Occasions""]}}, {""added"": {""name"": ""\u0424\u043e\u0442\u043e \u043f\u0440\u043e\u0434\u0443\u043a\u0446\u0456\u0457"", ""object"": ""PR00002 - Image""}}, {""added"": {""name"": ""\u0421\u0435\u0440\u0442\u0438\u0444\u0456\u043a\u0430\u0442 \u043f\u0440\u043e\u0434\u0443\u043a\u0446\u0456\u0457"", ""object"": ""PR00002 - Certificate""}}, {""added"": {""name"": ""\u0421\u0435\u0440\u0442\u0438\u0444\u0456\u043a\u0430\u0442 \u043f\u0440\u043e\u0434\u0443\u043a\u0446\u0456\u0457"", ""object"": ""PR00002 - Certificate""}}]",19,1
55,2025-03-01 19:49:34.330 +0200,"2",Product object (2),2,"[{""changed"": {""fields"": [""Weight material""]}}]",19,1
